model,rmse,mae,r2
GBM,5.001440194973941,3.9661831786689823,0.9425861283465324
