model,rmse,mae,r2
Linear Regression,5.192282350065126,4.082218555452075,0.9381210015625664
