model,rmse,mae,r2
MLP,4.92081392078146,3.8926392662802303,0.9444223014037497
