model,rmse,mae,r2
xgboost,4.997446170915818,3.9850094318389893,0.9426777958869934
gbm,5.001440194973941,3.9661831786689823,0.9425861283465324
mlp,5.035089597447855,4.005277919103688,0.9418109750313632
linear,5.192282350065126,4.082218555452075,0.9381210015625664
random_forest,5.628875617740407,4.5077032804500945,0.9272773027733512
