Model,RMSE,MAE,R²,MAPE
XGBoost,4.9559112317600045,3.937490940093994,0.9436266422271729,109824805175296.0
GBM,5.00413621065193,3.9681683048632252,0.9425242140133264,110830097655109.28
MLP,5.05520122575156,3.9990101220323564,0.9413451985115493,111653286893743.88
Linear Regression,5.192282350065126,4.082218555452075,0.9381210015625664,72099722571399.81
Random Forest,5.584325102124212,4.475063657851863,0.9284238950313826,152240704856124.06
