model,rmse,mae,r2
Random Forest,5.628875617740407,4.5077032804500945,0.9272773027733512
