model,rmse,mae,r2
XGBoost,4.997446170915818,3.9850094318389893,0.9426777958869934
